id,pdb_id,dataset,cluster,cluster_color,xas_rel,chir_rel
13su_ZN_homo_d2.60_cluster2,13su,4cys,12,#e377c2,data/4cys-large/calculated-spectra/13su_ZN_homo_d2.60_cluster2/xas-13su_ZN_homo_d2.60_cluster2.dat,data/4cys-large/calculated-spectra/13su_ZN_homo_d2.60_cluster2/chi-R-13su_ZN_homo_d2.60_cluster2.dat
1ml9_ZN_homo_d2.60_cluster3,1ml9,4cys,9,#c5b0d5,data/4cys-large/calculated-spectra/1ml9_ZN_homo_d2.60_cluster3/xas-1ml9_ZN_homo_d2.60_cluster3.dat,data/4cys-large/calculated-spectra/1ml9_ZN_homo_d2.60_cluster3/chi-R-1ml9_ZN_homo_d2.60_cluster3.dat
1r2z_ZN_homo_d2.60_cluster1,1r2z,4cys,2,#ff7f0e,data/4cys-large/calculated-spectra/1r2z_ZN_homo_d2.60_cluster1/xas-1r2z_ZN_homo_d2.60_cluster1.dat,data/4cys-large/calculated-spectra/1r2z_ZN_homo_d2.60_cluster1/chi-R-1r2z_ZN_homo_d2.60_cluster1.dat
1u3w_ZN_homo_d2.60_cluster1,1u3w,4cys,3,#ffbb78,data/4cys-large/calculated-spectra/1u3w_ZN_homo_d2.60_cluster1/xas-1u3w_ZN_homo_d2.60_cluster1.dat,data/4cys-large/calculated-spectra/1u3w_ZN_homo_d2.60_cluster1/chi-R-1u3w_ZN_homo_d2.60_cluster1.dat
2air_ZN_homo_d2.60_cluster2,2air,4cys,6,#d62728,data/4cys-large/calculated-spectra/2air_ZN_homo_d2.60_cluster2/xas-2air_ZN_homo_d2.60_cluster2.dat,data/4cys-large/calculated-spectra/2air_ZN_homo_d2.60_cluster2/chi-R-2air_ZN_homo_d2.60_cluster2.dat
2b4y_ZN_homo_d2.60_cluster3,2b4y,4cys,20,#1f77b4,data/4cys-large/calculated-spectra/2b4y_ZN_homo_d2.60_cluster3/xas-2b4y_ZN_homo_d2.60_cluster3.dat,data/4cys-large/calculated-spectra/2b4y_ZN_homo_d2.60_cluster3/chi-R-2b4y_ZN_homo_d2.60_cluster3.dat
2f5p_ZN_homo_d2.60_cluster1,2f5p,4cys,2,#ff7f0e,data/4cys-large/calculated-spectra/2f5p_ZN_homo_d2.60_cluster1/xas-2f5p_ZN_homo_d2.60_cluster1.dat,data/4cys-large/calculated-spectra/2f5p_ZN_homo_d2.60_cluster1/chi-R-2f5p_ZN_homo_d2.60_cluster1.dat
2f6j_ZN_homo_d2.60_cluster2,2f6j,4cys,0,#1f77b4,data/4cys-large/calculated-spectra/2f6j_ZN_homo_d2.60_cluster2/xas-2f6j_ZN_homo_d2.60_cluster2.dat,data/4cys-large/calculated-spectra/2f6j_ZN_homo_d2.60_cluster2/chi-R-2f6j_ZN_homo_d2.60_cluster2.dat
2fea_ZN_homo_d2.60_cluster2,2fea,4cys,19,#9edae5,data/4cys-large/calculated-spectra/2fea_ZN_homo_d2.60_cluster2/xas-2fea_ZN_homo_d2.60_cluster2.dat,data/4cys-large/calculated-spectra/2fea_ZN_homo_d2.60_cluster2/chi-R-2fea_ZN_homo_d2.60_cluster2.dat
2h4f_ZN_homo_d2.60_cluster1,2h4f,4cys,20,#1f77b4,data/4cys-large/calculated-spectra/2h4f_ZN_homo_d2.60_cluster1/xas-2h4f_ZN_homo_d2.60_cluster1.dat,data/4cys-large/calculated-spectra/2h4f_ZN_homo_d2.60_cluster1/chi-R-2h4f_ZN_homo_d2.60_cluster1.dat
2igq_ZN_homo_d2.60_cluster2,2igq,4cys,5,#98df8a,data/4cys-large/calculated-spectra/2igq_ZN_homo_d2.60_cluster2/xas-2igq_ZN_homo_d2.60_cluster2.dat,data/4cys-large/calculated-spectra/2igq_ZN_homo_d2.60_cluster2/chi-R-2igq_ZN_homo_d2.60_cluster2.dat
2j6a_ZN_homo_d2.60_cluster1,2j6a,4cys,0,#1f77b4,data/4cys-large/calculated-spectra/2j6a_ZN_homo_d2.60_cluster1/xas-2j6a_ZN_homo_d2.60_cluster1.dat,data/4cys-large/calculated-spectra/2j6a_ZN_homo_d2.60_cluster1/chi-R-2j6a_ZN_homo_d2.60_cluster1.dat
2o8j_ZN_homo_d2.60_cluster5,2o8j,4cys,15,#c7c7c7,data/4cys-large/calculated-spectra/2o8j_ZN_homo_d2.60_cluster5/xas-2o8j_ZN_homo_d2.60_cluster5.dat,data/4cys-large/calculated-spectra/2o8j_ZN_homo_d2.60_cluster5/chi-R-2o8j_ZN_homo_d2.60_cluster5.dat
3abk_ZN_homo_d2.60_cluster1,3abk,4cys,6,#d62728,data/4cys-large/calculated-spectra/3abk_ZN_homo_d2.60_cluster1/xas-3abk_ZN_homo_d2.60_cluster1.dat,data/4cys-large/calculated-spectra/3abk_ZN_homo_d2.60_cluster1/chi-R-3abk_ZN_homo_d2.60_cluster1.dat
3ag2_ZN_homo_d2.60_cluster1,3ag2,4cys,6,#d62728,data/4cys-large/calculated-spectra/3ag2_ZN_homo_d2.60_cluster1/xas-3ag2_ZN_homo_d2.60_cluster1.dat,data/4cys-large/calculated-spectra/3ag2_ZN_homo_d2.60_cluster1/chi-R-3ag2_ZN_homo_d2.60_cluster1.dat
3cbb_ZN_homo_d2.60_cluster4,3cbb,4cys,16,#bcbd22,data/4cys-large/calculated-spectra/3cbb_ZN_homo_d2.60_cluster4/xas-3cbb_ZN_homo_d2.60_cluster4.dat,data/4cys-large/calculated-spectra/3cbb_ZN_homo_d2.60_cluster4/chi-R-3cbb_ZN_homo_d2.60_cluster4.dat
3cxk_ZN_homo_d2.60_cluster2,3cxk,4cys,6,#d62728,data/4cys-large/calculated-spectra/3cxk_ZN_homo_d2.60_cluster2/xas-3cxk_ZN_homo_d2.60_cluster2.dat,data/4cys-large/calculated-spectra/3cxk_ZN_homo_d2.60_cluster2/chi-R-3cxk_ZN_homo_d2.60_cluster2.dat
3g8u_ZN_homo_d2.60_cluster3,3g8u,4cys,12,#e377c2,data/4cys-large/calculated-spectra/3g8u_ZN_homo_d2.60_cluster3/xas-3g8u_ZN_homo_d2.60_cluster3.dat,data/4cys-large/calculated-spectra/3g8u_ZN_homo_d2.60_cluster3/chi-R-3g8u_ZN_homo_d2.60_cluster3.dat
3g9m_ZN_homo_d2.60_cluster4,3g9m,4cys,16,#bcbd22,data/4cys-large/calculated-spectra/3g9m_ZN_homo_d2.60_cluster4/xas-3g9m_ZN_homo_d2.60_cluster4.dat,data/4cys-large/calculated-spectra/3g9m_ZN_homo_d2.60_cluster4/chi-R-3g9m_ZN_homo_d2.60_cluster4.dat
3g9p_ZN_homo_d2.60_cluster4,3g9p,4cys,16,#bcbd22,data/4cys-large/calculated-spectra/3g9p_ZN_homo_d2.60_cluster4/xas-3g9p_ZN_homo_d2.60_cluster4.dat,data/4cys-large/calculated-spectra/3g9p_ZN_homo_d2.60_cluster4/chi-R-3g9p_ZN_homo_d2.60_cluster4.dat
3gox_ZN_homo_d2.60_cluster1,3gox,4cys,0,#1f77b4,data/4cys-large/calculated-spectra/3gox_ZN_homo_d2.60_cluster1/xas-3gox_ZN_homo_d2.60_cluster1.dat,data/4cys-large/calculated-spectra/3gox_ZN_homo_d2.60_cluster1/chi-R-3gox_ZN_homo_d2.60_cluster1.dat
3hna_ZN_homo_d2.60_cluster3,3hna,4cys,9,#c5b0d5,data/4cys-large/calculated-spectra/3hna_ZN_homo_d2.60_cluster3/xas-3hna_ZN_homo_d2.60_cluster3.dat,data/4cys-large/calculated-spectra/3hna_ZN_homo_d2.60_cluster3/chi-R-3hna_ZN_homo_d2.60_cluster3.dat
3k35_ZN_homo_d2.60_cluster4,3k35,4cys,20,#1f77b4,data/4cys-large/calculated-spectra/3k35_ZN_homo_d2.60_cluster4/xas-3k35_ZN_homo_d2.60_cluster4.dat,data/4cys-large/calculated-spectra/3k35_ZN_homo_d2.60_cluster4/chi-R-3k35_ZN_homo_d2.60_cluster4.dat
3k5k_ZN_homo_d2.60_cluster2,3k5k,4cys,18,#17becf,data/4cys-large/calculated-spectra/3k5k_ZN_homo_d2.60_cluster2/xas-3k5k_ZN_homo_d2.60_cluster2.dat,data/4cys-large/calculated-spectra/3k5k_ZN_homo_d2.60_cluster2/chi-R-3k5k_ZN_homo_d2.60_cluster2.dat
3nil_ZN_homo_d2.60_cluster4,3nil,4cys,11,#c49c94,data/4cys-large/calculated-spectra/3nil_ZN_homo_d2.60_cluster4/xas-3nil_ZN_homo_d2.60_cluster4.dat,data/4cys-large/calculated-spectra/3nil_ZN_homo_d2.60_cluster4/chi-R-3nil_ZN_homo_d2.60_cluster4.dat
3nis_ZN_homo_d2.60_cluster4,3nis,4cys,11,#c49c94,data/4cys-large/calculated-spectra/3nis_ZN_homo_d2.60_cluster4/xas-3nis_ZN_homo_d2.60_cluster4.dat,data/4cys-large/calculated-spectra/3nis_ZN_homo_d2.60_cluster4/chi-R-3nis_ZN_homo_d2.60_cluster4.dat
3pdn_ZN_homo_d2.60_cluster3,3pdn,4cys,4,#2ca02c,data/4cys-large/calculated-spectra/3pdn_ZN_homo_d2.60_cluster3/xas-3pdn_ZN_homo_d2.60_cluster3.dat,data/4cys-large/calculated-spectra/3pdn_ZN_homo_d2.60_cluster3/chi-R-3pdn_ZN_homo_d2.60_cluster3.dat
3rig_ZN_homo_d2.60_cluster2,3rig,4cys,20,#1f77b4,data/4cys-large/calculated-spectra/3rig_ZN_homo_d2.60_cluster2/xas-3rig_ZN_homo_d2.60_cluster2.dat,data/4cys-large/calculated-spectra/3rig_ZN_homo_d2.60_cluster2/chi-R-3rig_ZN_homo_d2.60_cluster2.dat
3v43_ZN_homo_d2.60_cluster1,3v43,4cys,0,#1f77b4,data/4cys-large/calculated-spectra/3v43_ZN_homo_d2.60_cluster1/xas-3v43_ZN_homo_d2.60_cluster1.dat,data/4cys-large/calculated-spectra/3v43_ZN_homo_d2.60_cluster1/chi-R-3v43_ZN_homo_d2.60_cluster1.dat
3vux_ZN_homo_d2.60_cluster3,3vux,4cys,11,#c49c94,data/4cys-large/calculated-spectra/3vux_ZN_homo_d2.60_cluster3/xas-3vux_ZN_homo_d2.60_cluster3.dat,data/4cys-large/calculated-spectra/3vux_ZN_homo_d2.60_cluster3/chi-R-3vux_ZN_homo_d2.60_cluster3.dat
3zpo_ZN_homo_d2.60_cluster1,3zpo,4cys,12,#e377c2,data/4cys-large/calculated-spectra/3zpo_ZN_homo_d2.60_cluster1/xas-3zpo_ZN_homo_d2.60_cluster1.dat,data/4cys-large/calculated-spectra/3zpo_ZN_homo_d2.60_cluster1/chi-R-3zpo_ZN_homo_d2.60_cluster1.dat
4f56_ZN_homo_d2.60_cluster1,4f56,4cys,20,#1f77b4,data/4cys-large/calculated-spectra/4f56_ZN_homo_d2.60_cluster1/xas-4f56_ZN_homo_d2.60_cluster1.dat,data/4cys-large/calculated-spectra/4f56_ZN_homo_d2.60_cluster1/chi-R-4f56_ZN_homo_d2.60_cluster1.dat
4fvy_ZN_homo_d2.60_cluster1,4fvy,4cys,1,#aec7e8,data/4cys-large/calculated-spectra/4fvy_ZN_homo_d2.60_cluster1/xas-4fvy_ZN_homo_d2.60_cluster1.dat,data/4cys-large/calculated-spectra/4fvy_ZN_homo_d2.60_cluster1/chi-R-4fvy_ZN_homo_d2.60_cluster1.dat
4i51_ZN_homo_d2.60_cluster1,4i51,4cys,15,#c7c7c7,data/4cys-large/calculated-spectra/4i51_ZN_homo_d2.60_cluster1/xas-4i51_ZN_homo_d2.60_cluster1.dat,data/4cys-large/calculated-spectra/4i51_ZN_homo_d2.60_cluster1/chi-R-4i51_ZN_homo_d2.60_cluster1.dat
4i51_ZN_homo_d2.60_cluster6,4i51,4cys,5,#98df8a,data/4cys-large/calculated-spectra/4i51_ZN_homo_d2.60_cluster6/xas-4i51_ZN_homo_d2.60_cluster6.dat,data/4cys-large/calculated-spectra/4i51_ZN_homo_d2.60_cluster6/chi-R-4i51_ZN_homo_d2.60_cluster6.dat
4jse_ZN_homo_d2.60_cluster2,4jse,4cys,1,#aec7e8,data/4cys-large/calculated-spectra/4jse_ZN_homo_d2.60_cluster2/xas-4jse_ZN_homo_d2.60_cluster2.dat,data/4cys-large/calculated-spectra/4jse_ZN_homo_d2.60_cluster2/chi-R-4jse_ZN_homo_d2.60_cluster2.dat
4l7x_ZN_homo_d2.60_cluster1,4l7x,4cys,0,#1f77b4,data/4cys-large/calculated-spectra/4l7x_ZN_homo_d2.60_cluster1/xas-4l7x_ZN_homo_d2.60_cluster1.dat,data/4cys-large/calculated-spectra/4l7x_ZN_homo_d2.60_cluster1/chi-R-4l7x_ZN_homo_d2.60_cluster1.dat
4mi5_ZN_homo_d2.60_cluster3,4mi5,4cys,5,#98df8a,data/4cys-large/calculated-spectra/4mi5_ZN_homo_d2.60_cluster3/xas-4mi5_ZN_homo_d2.60_cluster3.dat,data/4cys-large/calculated-spectra/4mi5_ZN_homo_d2.60_cluster3/chi-R-4mi5_ZN_homo_d2.60_cluster3.dat
4o62_ZN_homo_d2.60_cluster2,4o62,4cys,6,#d62728,data/4cys-large/calculated-spectra/4o62_ZN_homo_d2.60_cluster2/xas-4o62_ZN_homo_d2.60_cluster2.dat,data/4cys-large/calculated-spectra/4o62_ZN_homo_d2.60_cluster2/chi-R-4o62_ZN_homo_d2.60_cluster2.dat
4pcz_ZN_homo_d2.60_cluster1,4pcz,4cys,2,#ff7f0e,data/4cys-large/calculated-spectra/4pcz_ZN_homo_d2.60_cluster1/xas-4pcz_ZN_homo_d2.60_cluster1.dat,data/4cys-large/calculated-spectra/4pcz_ZN_homo_d2.60_cluster1/chi-R-4pcz_ZN_homo_d2.60_cluster1.dat
4rkh_ZN_homo_d2.60_cluster10,4rkh,4cys,9,#c5b0d5,data/4cys-large/calculated-spectra/4rkh_ZN_homo_d2.60_cluster10/xas-4rkh_ZN_homo_d2.60_cluster10.dat,data/4cys-large/calculated-spectra/4rkh_ZN_homo_d2.60_cluster10/chi-R-4rkh_ZN_homo_d2.60_cluster10.dat
4rkh_ZN_homo_d2.60_cluster6,4rkh,4cys,0,#1f77b4,data/4cys-large/calculated-spectra/4rkh_ZN_homo_d2.60_cluster6/xas-4rkh_ZN_homo_d2.60_cluster6.dat,data/4cys-large/calculated-spectra/4rkh_ZN_homo_d2.60_cluster6/chi-R-4rkh_ZN_homo_d2.60_cluster6.dat
4twi_ZN_homo_d2.60_cluster1,4twi,4cys,20,#1f77b4,data/4cys-large/calculated-spectra/4twi_ZN_homo_d2.60_cluster1/xas-4twi_ZN_homo_d2.60_cluster1.dat,data/4cys-large/calculated-spectra/4twi_ZN_homo_d2.60_cluster1/chi-R-4twi_ZN_homo_d2.60_cluster1.dat
4uh1_ZN_homo_d2.60_cluster1,4uh1,4cys,1,#aec7e8,data/4cys-large/calculated-spectra/4uh1_ZN_homo_d2.60_cluster1/xas-4uh1_ZN_homo_d2.60_cluster1.dat,data/4cys-large/calculated-spectra/4uh1_ZN_homo_d2.60_cluster1/chi-R-4uh1_ZN_homo_d2.60_cluster1.dat
4v32_ZN_homo_d2.60_cluster2,4v32,4cys,7,#ff9896,data/4cys-large/calculated-spectra/4v32_ZN_homo_d2.60_cluster2/xas-4v32_ZN_homo_d2.60_cluster2.dat,data/4cys-large/calculated-spectra/4v32_ZN_homo_d2.60_cluster2/chi-R-4v32_ZN_homo_d2.60_cluster2.dat
5a3w_ZN_homo_d2.60_cluster2,5a3w,4cys,13,#f7b6d2,data/4cys-large/calculated-spectra/5a3w_ZN_homo_d2.60_cluster2/xas-5a3w_ZN_homo_d2.60_cluster2.dat,data/4cys-large/calculated-spectra/5a3w_ZN_homo_d2.60_cluster2/chi-R-5a3w_ZN_homo_d2.60_cluster2.dat
5ad8_ZN_homo_d2.60_cluster1,5ad8,4cys,1,#aec7e8,data/4cys-large/calculated-spectra/5ad8_ZN_homo_d2.60_cluster1/xas-5ad8_ZN_homo_d2.60_cluster1.dat,data/4cys-large/calculated-spectra/5ad8_ZN_homo_d2.60_cluster1/chi-R-5ad8_ZN_homo_d2.60_cluster1.dat
5arg_ZN_homo_d2.60_cluster1,5arg,4cys,4,#2ca02c,data/4cys-large/calculated-spectra/5arg_ZN_homo_d2.60_cluster1/xas-5arg_ZN_homo_d2.60_cluster1.dat,data/4cys-large/calculated-spectra/5arg_ZN_homo_d2.60_cluster1/chi-R-5arg_ZN_homo_d2.60_cluster1.dat
5arg_ZN_homo_d2.60_cluster2,5arg,4cys,14,#7f7f7f,data/4cys-large/calculated-spectra/5arg_ZN_homo_d2.60_cluster2/xas-5arg_ZN_homo_d2.60_cluster2.dat,data/4cys-large/calculated-spectra/5arg_ZN_homo_d2.60_cluster2/chi-R-5arg_ZN_homo_d2.60_cluster2.dat
5fyb_ZN_homo_d2.60_cluster2,5fyb,4cys,13,#f7b6d2,data/4cys-large/calculated-spectra/5fyb_ZN_homo_d2.60_cluster2/xas-5fyb_ZN_homo_d2.60_cluster2.dat,data/4cys-large/calculated-spectra/5fyb_ZN_homo_d2.60_cluster2/chi-R-5fyb_ZN_homo_d2.60_cluster2.dat
5jhn_ZN_homo_d2.60_cluster8,5jhn,4cys,8,#9467bd,data/4cys-large/calculated-spectra/5jhn_ZN_homo_d2.60_cluster8/xas-5jhn_ZN_homo_d2.60_cluster8.dat,data/4cys-large/calculated-spectra/5jhn_ZN_homo_d2.60_cluster8/chi-R-5jhn_ZN_homo_d2.60_cluster8.dat
5jin_ZN_homo_d2.60_cluster6,5jin,4cys,18,#17becf,data/4cys-large/calculated-spectra/5jin_ZN_homo_d2.60_cluster6/xas-5jin_ZN_homo_d2.60_cluster6.dat,data/4cys-large/calculated-spectra/5jin_ZN_homo_d2.60_cluster6/chi-R-5jin_ZN_homo_d2.60_cluster6.dat
5lsz_ZN_homo_d2.60_cluster2,5lsz,4cys,19,#9edae5,data/4cys-large/calculated-spectra/5lsz_ZN_homo_d2.60_cluster2/xas-5lsz_ZN_homo_d2.60_cluster2.dat,data/4cys-large/calculated-spectra/5lsz_ZN_homo_d2.60_cluster2/chi-R-5lsz_ZN_homo_d2.60_cluster2.dat
5lt7_ZN_homo_d2.60_cluster2,5lt7,4cys,19,#9edae5,data/4cys-large/calculated-spectra/5lt7_ZN_homo_d2.60_cluster2/xas-5lt7_ZN_homo_d2.60_cluster2.dat,data/4cys-large/calculated-spectra/5lt7_ZN_homo_d2.60_cluster2/chi-R-5lt7_ZN_homo_d2.60_cluster2.dat
5oh1_ZN_homo_d2.60_cluster3,5oh1,4cys,7,#ff9896,data/4cys-large/calculated-spectra/5oh1_ZN_homo_d2.60_cluster3/xas-5oh1_ZN_homo_d2.60_cluster3.dat,data/4cys-large/calculated-spectra/5oh1_ZN_homo_d2.60_cluster3/chi-R-5oh1_ZN_homo_d2.60_cluster3.dat
5ohb_ZN_homo_d2.60_cluster2,5ohb,4cys,6,#d62728,data/4cys-large/calculated-spectra/5ohb_ZN_homo_d2.60_cluster2/xas-5ohb_ZN_homo_d2.60_cluster2.dat,data/4cys-large/calculated-spectra/5ohb_ZN_homo_d2.60_cluster2/chi-R-5ohb_ZN_homo_d2.60_cluster2.dat
5pwj_ZN_homo_d2.60_cluster2,5pwj,4cys,0,#1f77b4,data/4cys-large/calculated-spectra/5pwj_ZN_homo_d2.60_cluster2/xas-5pwj_ZN_homo_d2.60_cluster2.dat,data/4cys-large/calculated-spectra/5pwj_ZN_homo_d2.60_cluster2/chi-R-5pwj_ZN_homo_d2.60_cluster2.dat
5pwl_ZN_homo_d2.60_cluster5,5pwl,4cys,0,#1f77b4,data/4cys-large/calculated-spectra/5pwl_ZN_homo_d2.60_cluster5/xas-5pwl_ZN_homo_d2.60_cluster5.dat,data/4cys-large/calculated-spectra/5pwl_ZN_homo_d2.60_cluster5/chi-R-5pwl_ZN_homo_d2.60_cluster5.dat
5t0k_ZN_homo_d2.60_cluster7,5t0k,4cys,18,#17becf,data/4cys-large/calculated-spectra/5t0k_ZN_homo_d2.60_cluster7/xas-5t0k_ZN_homo_d2.60_cluster7.dat,data/4cys-large/calculated-spectra/5t0k_ZN_homo_d2.60_cluster7/chi-R-5t0k_ZN_homo_d2.60_cluster7.dat
5t0m_ZN_homo_d2.60_cluster3,5t0m,4cys,9,#c5b0d5,data/4cys-large/calculated-spectra/5t0m_ZN_homo_d2.60_cluster3/xas-5t0m_ZN_homo_d2.60_cluster3.dat,data/4cys-large/calculated-spectra/5t0m_ZN_homo_d2.60_cluster3/chi-R-5t0m_ZN_homo_d2.60_cluster3.dat
5t64_ZN_homo_d2.60_cluster2,5t64,4cys,20,#1f77b4,data/4cys-large/calculated-spectra/5t64_ZN_homo_d2.60_cluster2/xas-5t64_ZN_homo_d2.60_cluster2.dat,data/4cys-large/calculated-spectra/5t64_ZN_homo_d2.60_cluster2/chi-R-5t64_ZN_homo_d2.60_cluster2.dat
5ttf_ZN_homo_d2.60_cluster6,5ttf,4cys,5,#98df8a,data/4cys-large/calculated-spectra/5ttf_ZN_homo_d2.60_cluster6/xas-5ttf_ZN_homo_d2.60_cluster6.dat,data/4cys-large/calculated-spectra/5ttf_ZN_homo_d2.60_cluster6/chi-R-5ttf_ZN_homo_d2.60_cluster6.dat
5ttg_ZN_homo_d2.60_cluster5,5ttg,4cys,15,#c7c7c7,data/4cys-large/calculated-spectra/5ttg_ZN_homo_d2.60_cluster5/xas-5ttg_ZN_homo_d2.60_cluster5.dat,data/4cys-large/calculated-spectra/5ttg_ZN_homo_d2.60_cluster5/chi-R-5ttg_ZN_homo_d2.60_cluster5.dat
5upd_ZN_homo_d2.60_cluster2,5upd,4cys,19,#9edae5,data/4cys-large/calculated-spectra/5upd_ZN_homo_d2.60_cluster2/xas-5upd_ZN_homo_d2.60_cluster2.dat,data/4cys-large/calculated-spectra/5upd_ZN_homo_d2.60_cluster2/chi-R-5upd_ZN_homo_d2.60_cluster2.dat
5v9i_ZN_homo_d2.60_cluster16,5v9i,4cys,8,#9467bd,data/4cys-large/calculated-spectra/5v9i_ZN_homo_d2.60_cluster16/xas-5v9i_ZN_homo_d2.60_cluster16.dat,data/4cys-large/calculated-spectra/5v9i_ZN_homo_d2.60_cluster16/chi-R-5v9i_ZN_homo_d2.60_cluster16.dat
5vsf_ZN_homo_d2.60_cluster2,5vsf,4cys,18,#17becf,data/4cys-large/calculated-spectra/5vsf_ZN_homo_d2.60_cluster2/xas-5vsf_ZN_homo_d2.60_cluster2.dat,data/4cys-large/calculated-spectra/5vsf_ZN_homo_d2.60_cluster2/chi-R-5vsf_ZN_homo_d2.60_cluster2.dat
5vuz_ZN_homo_d2.60_cluster1,5vuz,4cys,1,#aec7e8,data/4cys-large/calculated-spectra/5vuz_ZN_homo_d2.60_cluster1/xas-5vuz_ZN_homo_d2.60_cluster1.dat,data/4cys-large/calculated-spectra/5vuz_ZN_homo_d2.60_cluster1/chi-R-5vuz_ZN_homo_d2.60_cluster1.dat
5xxj_ZN_homo_d2.60_cluster2,5xxj,4cys,12,#e377c2,data/4cys-large/calculated-spectra/5xxj_ZN_homo_d2.60_cluster2/xas-5xxj_ZN_homo_d2.60_cluster2.dat,data/4cys-large/calculated-spectra/5xxj_ZN_homo_d2.60_cluster2/chi-R-5xxj_ZN_homo_d2.60_cluster2.dat
5yj0_ZN_homo_d2.60_cluster14,5yj0,4cys,6,#d62728,data/4cys-large/calculated-spectra/5yj0_ZN_homo_d2.60_cluster14/xas-5yj0_ZN_homo_d2.60_cluster14.dat,data/4cys-large/calculated-spectra/5yj0_ZN_homo_d2.60_cluster14/chi-R-5yj0_ZN_homo_d2.60_cluster14.dat
5yj1_ZN_homo_d2.60_cluster4,5yj1,4cys,6,#d62728,data/4cys-large/calculated-spectra/5yj1_ZN_homo_d2.60_cluster4/xas-5yj1_ZN_homo_d2.60_cluster4.dat,data/4cys-large/calculated-spectra/5yj1_ZN_homo_d2.60_cluster4/chi-R-5yj1_ZN_homo_d2.60_cluster4.dat
5yug_ZN_homo_d2.60_cluster2,5yug,4cys,14,#7f7f7f,data/4cys-large/calculated-spectra/5yug_ZN_homo_d2.60_cluster2/xas-5yug_ZN_homo_d2.60_cluster2.dat,data/4cys-large/calculated-spectra/5yug_ZN_homo_d2.60_cluster2/chi-R-5yug_ZN_homo_d2.60_cluster2.dat
5z85_ZN_homo_d2.60_cluster1,5z85,4cys,6,#d62728,data/4cys-large/calculated-spectra/5z85_ZN_homo_d2.60_cluster1/xas-5z85_ZN_homo_d2.60_cluster1.dat,data/4cys-large/calculated-spectra/5z85_ZN_homo_d2.60_cluster1/chi-R-5z85_ZN_homo_d2.60_cluster1.dat
6g5p_ZN_homo_d2.60_cluster4,6g5p,4cys,0,#1f77b4,data/4cys-large/calculated-spectra/6g5p_ZN_homo_d2.60_cluster4/xas-6g5p_ZN_homo_d2.60_cluster4.dat,data/4cys-large/calculated-spectra/6g5p_ZN_homo_d2.60_cluster4/chi-R-6g5p_ZN_homo_d2.60_cluster4.dat
6mbo_ZN_homo_d2.60_cluster4,6mbo,4cys,8,#9467bd,data/4cys-large/calculated-spectra/6mbo_ZN_homo_d2.60_cluster4/xas-6mbo_ZN_homo_d2.60_cluster4.dat,data/4cys-large/calculated-spectra/6mbo_ZN_homo_d2.60_cluster4/chi-R-6mbo_ZN_homo_d2.60_cluster4.dat
6ngl_ZN_homo_d2.60_cluster1,6ngl,4cys,1,#aec7e8,data/4cys-large/calculated-spectra/6ngl_ZN_homo_d2.60_cluster1/xas-6ngl_ZN_homo_d2.60_cluster1.dat,data/4cys-large/calculated-spectra/6ngl_ZN_homo_d2.60_cluster1/chi-R-6ngl_ZN_homo_d2.60_cluster1.dat
6r13_ZN_homo_d2.60_cluster2,6r13,4cys,6,#d62728,data/4cys-large/calculated-spectra/6r13_ZN_homo_d2.60_cluster2/xas-6r13_ZN_homo_d2.60_cluster2.dat,data/4cys-large/calculated-spectra/6r13_ZN_homo_d2.60_cluster2/chi-R-6r13_ZN_homo_d2.60_cluster2.dat
6r1a_ZN_homo_d2.60_cluster3,6r1a,4cys,7,#ff9896,data/4cys-large/calculated-spectra/6r1a_ZN_homo_d2.60_cluster3/xas-6r1a_ZN_homo_d2.60_cluster3.dat,data/4cys-large/calculated-spectra/6r1a_ZN_homo_d2.60_cluster3/chi-R-6r1a_ZN_homo_d2.60_cluster3.dat
6r5e_ZN_homo_d2.60_cluster2,6r5e,4cys,13,#f7b6d2,data/4cys-large/calculated-spectra/6r5e_ZN_homo_d2.60_cluster2/xas-6r5e_ZN_homo_d2.60_cluster2.dat,data/4cys-large/calculated-spectra/6r5e_ZN_homo_d2.60_cluster2/chi-R-6r5e_ZN_homo_d2.60_cluster2.dat
6rxm_ZN_homo_d2.60_cluster2,6rxm,4cys,10,#8c564b,data/4cys-large/calculated-spectra/6rxm_ZN_homo_d2.60_cluster2/xas-6rxm_ZN_homo_d2.60_cluster2.dat,data/4cys-large/calculated-spectra/6rxm_ZN_homo_d2.60_cluster2/chi-R-6rxm_ZN_homo_d2.60_cluster2.dat
6rxm_ZN_homo_d2.60_cluster3,6rxm,4cys,10,#8c564b,data/4cys-large/calculated-spectra/6rxm_ZN_homo_d2.60_cluster3/xas-6rxm_ZN_homo_d2.60_cluster3.dat,data/4cys-large/calculated-spectra/6rxm_ZN_homo_d2.60_cluster3/chi-R-6rxm_ZN_homo_d2.60_cluster3.dat
6rxo_ZN_homo_d2.60_cluster2,6rxo,4cys,10,#8c564b,data/4cys-large/calculated-spectra/6rxo_ZN_homo_d2.60_cluster2/xas-6rxo_ZN_homo_d2.60_cluster2.dat,data/4cys-large/calculated-spectra/6rxo_ZN_homo_d2.60_cluster2/chi-R-6rxo_ZN_homo_d2.60_cluster2.dat
6rxp_ZN_homo_d2.60_cluster2,6rxp,4cys,10,#8c564b,data/4cys-large/calculated-spectra/6rxp_ZN_homo_d2.60_cluster2/xas-6rxp_ZN_homo_d2.60_cluster2.dat,data/4cys-large/calculated-spectra/6rxp_ZN_homo_d2.60_cluster2/chi-R-6rxp_ZN_homo_d2.60_cluster2.dat
6s3a_ZN_homo_d2.60_cluster1,6s3a,4cys,16,#bcbd22,data/4cys-large/calculated-spectra/6s3a_ZN_homo_d2.60_cluster1/xas-6s3a_ZN_homo_d2.60_cluster1.dat,data/4cys-large/calculated-spectra/6s3a_ZN_homo_d2.60_cluster1/chi-R-6s3a_ZN_homo_d2.60_cluster1.dat
6w75_ZN_homo_d2.60_cluster2,6w75,4cys,13,#f7b6d2,data/4cys-large/calculated-spectra/6w75_ZN_homo_d2.60_cluster2/xas-6w75_ZN_homo_d2.60_cluster2.dat,data/4cys-large/calculated-spectra/6w75_ZN_homo_d2.60_cluster2/chi-R-6w75_ZN_homo_d2.60_cluster2.dat
6wi7_ZN_homo_d2.60_cluster4,6wi7,4cys,14,#7f7f7f,data/4cys-large/calculated-spectra/6wi7_ZN_homo_d2.60_cluster4/xas-6wi7_ZN_homo_d2.60_cluster4.dat,data/4cys-large/calculated-spectra/6wi7_ZN_homo_d2.60_cluster4/chi-R-6wi7_ZN_homo_d2.60_cluster4.dat
7bah_ZN_homo_d2.60_cluster2,7bah,4cys,6,#d62728,data/4cys-large/calculated-spectra/7bah_ZN_homo_d2.60_cluster2/xas-7bah_ZN_homo_d2.60_cluster2.dat,data/4cys-large/calculated-spectra/7bah_ZN_homo_d2.60_cluster2/chi-R-7bah_ZN_homo_d2.60_cluster2.dat
7d5x_ZN_homo_d2.60_cluster2,7d5x,4cys,6,#d62728,data/4cys-large/calculated-spectra/7d5x_ZN_homo_d2.60_cluster2/xas-7d5x_ZN_homo_d2.60_cluster2.dat,data/4cys-large/calculated-spectra/7d5x_ZN_homo_d2.60_cluster2/chi-R-7d5x_ZN_homo_d2.60_cluster2.dat
7f4e_ZN_homo_d2.60_cluster1,7f4e,4cys,2,#ff7f0e,data/4cys-large/calculated-spectra/7f4e_ZN_homo_d2.60_cluster1/xas-7f4e_ZN_homo_d2.60_cluster1.dat,data/4cys-large/calculated-spectra/7f4e_ZN_homo_d2.60_cluster1/chi-R-7f4e_ZN_homo_d2.60_cluster1.dat
7o2c_ZN_homo_d2.60_cluster1,7o2c,4cys,4,#2ca02c,data/4cys-large/calculated-spectra/7o2c_ZN_homo_d2.60_cluster1/xas-7o2c_ZN_homo_d2.60_cluster1.dat,data/4cys-large/calculated-spectra/7o2c_ZN_homo_d2.60_cluster1/chi-R-7o2c_ZN_homo_d2.60_cluster1.dat
7thu_ZN_homo_d2.60_cluster2,7thu,4cys,6,#d62728,data/4cys-large/calculated-spectra/7thu_ZN_homo_d2.60_cluster2/xas-7thu_ZN_homo_d2.60_cluster2.dat,data/4cys-large/calculated-spectra/7thu_ZN_homo_d2.60_cluster2/chi-R-7thu_ZN_homo_d2.60_cluster2.dat
7udd_ZN_homo_d2.60_cluster2,7udd,4cys,3,#ffbb78,data/4cys-large/calculated-spectra/7udd_ZN_homo_d2.60_cluster2/xas-7udd_ZN_homo_d2.60_cluster2.dat,data/4cys-large/calculated-spectra/7udd_ZN_homo_d2.60_cluster2/chi-R-7udd_ZN_homo_d2.60_cluster2.dat
7uef_ZN_homo_d2.60_cluster4,7uef,4cys,3,#ffbb78,data/4cys-large/calculated-spectra/7uef_ZN_homo_d2.60_cluster4/xas-7uef_ZN_homo_d2.60_cluster4.dat,data/4cys-large/calculated-spectra/7uef_ZN_homo_d2.60_cluster4/chi-R-7uef_ZN_homo_d2.60_cluster4.dat
7utw_ZN_homo_d2.60_cluster1,7utw,4cys,3,#ffbb78,data/4cys-large/calculated-spectra/7utw_ZN_homo_d2.60_cluster1/xas-7utw_ZN_homo_d2.60_cluster1.dat,data/4cys-large/calculated-spectra/7utw_ZN_homo_d2.60_cluster1/chi-R-7utw_ZN_homo_d2.60_cluster1.dat
7x73_ZN_homo_d2.60_cluster1,7x73,4cys,15,#c7c7c7,data/4cys-large/calculated-spectra/7x73_ZN_homo_d2.60_cluster1/xas-7x73_ZN_homo_d2.60_cluster1.dat,data/4cys-large/calculated-spectra/7x73_ZN_homo_d2.60_cluster1/chi-R-7x73_ZN_homo_d2.60_cluster1.dat
7x73_ZN_homo_d2.60_cluster4,7x73,4cys,8,#9467bd,data/4cys-large/calculated-spectra/7x73_ZN_homo_d2.60_cluster4/xas-7x73_ZN_homo_d2.60_cluster4.dat,data/4cys-large/calculated-spectra/7x73_ZN_homo_d2.60_cluster4/chi-R-7x73_ZN_homo_d2.60_cluster4.dat
7y6z_ZN_homo_d2.60_cluster2,7y6z,4cys,11,#c49c94,data/4cys-large/calculated-spectra/7y6z_ZN_homo_d2.60_cluster2/xas-7y6z_ZN_homo_d2.60_cluster2.dat,data/4cys-large/calculated-spectra/7y6z_ZN_homo_d2.60_cluster2/chi-R-7y6z_ZN_homo_d2.60_cluster2.dat
7yh2_ZN_homo_d2.60_cluster1,7yh2,4cys,14,#7f7f7f,data/4cys-large/calculated-spectra/7yh2_ZN_homo_d2.60_cluster1/xas-7yh2_ZN_homo_d2.60_cluster1.dat,data/4cys-large/calculated-spectra/7yh2_ZN_homo_d2.60_cluster1/chi-R-7yh2_ZN_homo_d2.60_cluster1.dat
7yuj_ZN_homo_d2.60_cluster4,7yuj,4cys,20,#1f77b4,data/4cys-large/calculated-spectra/7yuj_ZN_homo_d2.60_cluster4/xas-7yuj_ZN_homo_d2.60_cluster4.dat,data/4cys-large/calculated-spectra/7yuj_ZN_homo_d2.60_cluster4/chi-R-7yuj_ZN_homo_d2.60_cluster4.dat
8ajq_ZN_homo_d2.60_cluster10_altlocLIGB,8ajq,4cys,17,#dbdb8d,data/4cys-large/calculated-spectra/8ajq_ZN_homo_d2.60_cluster10_altlocLIGB/xas-8ajq_ZN_homo_d2.60_cluster10_altlocLIGB.dat,data/4cys-large/calculated-spectra/8ajq_ZN_homo_d2.60_cluster10_altlocLIGB/chi-R-8ajq_ZN_homo_d2.60_cluster10_altlocLIGB.dat
8ajq_ZN_homo_d2.60_cluster15_altlocLIGA,8ajq,4cys,17,#dbdb8d,data/4cys-large/calculated-spectra/8ajq_ZN_homo_d2.60_cluster15_altlocLIGA/xas-8ajq_ZN_homo_d2.60_cluster15_altlocLIGA.dat,data/4cys-large/calculated-spectra/8ajq_ZN_homo_d2.60_cluster15_altlocLIGA/chi-R-8ajq_ZN_homo_d2.60_cluster15_altlocLIGA.dat
8ajq_ZN_homo_d2.60_cluster2_altlocLIGB,8ajq,4cys,17,#dbdb8d,data/4cys-large/calculated-spectra/8ajq_ZN_homo_d2.60_cluster2_altlocLIGB/xas-8ajq_ZN_homo_d2.60_cluster2_altlocLIGB.dat,data/4cys-large/calculated-spectra/8ajq_ZN_homo_d2.60_cluster2_altlocLIGB/chi-R-8ajq_ZN_homo_d2.60_cluster2_altlocLIGB.dat
8ajq_ZN_homo_d2.60_cluster6_altlocLIGA,8ajq,4cys,17,#dbdb8d,data/4cys-large/calculated-spectra/8ajq_ZN_homo_d2.60_cluster6_altlocLIGA/xas-8ajq_ZN_homo_d2.60_cluster6_altlocLIGA.dat,data/4cys-large/calculated-spectra/8ajq_ZN_homo_d2.60_cluster6_altlocLIGA/chi-R-8ajq_ZN_homo_d2.60_cluster6_altlocLIGA.dat
8ak7_ZN_homo_d2.60_cluster1,8ak7,4cys,20,#1f77b4,data/4cys-large/calculated-spectra/8ak7_ZN_homo_d2.60_cluster1/xas-8ak7_ZN_homo_d2.60_cluster1.dat,data/4cys-large/calculated-spectra/8ak7_ZN_homo_d2.60_cluster1/chi-R-8ak7_ZN_homo_d2.60_cluster1.dat
8bc7_ZN_homo_d2.60_cluster3,8bc7,4cys,7,#ff9896,data/4cys-large/calculated-spectra/8bc7_ZN_homo_d2.60_cluster3/xas-8bc7_ZN_homo_d2.60_cluster3.dat,data/4cys-large/calculated-spectra/8bc7_ZN_homo_d2.60_cluster3/chi-R-8bc7_ZN_homo_d2.60_cluster3.dat
